"","max_dep","max_curv"
"1",31.904296875,106.071398477976
